{"mean_bg": -2.643739082239295, "std_bg": 0.10098707442424183, "mean_up": -2.5421098416887236, "std_up": 0.10386521514925602, "t_int": 20, "t_out": 52.616843137535675,"A": 0.500042687664294, "t_in": 439.4829850723389}